{"cameraMode":{"drawMode":0,"name":"Shaded","section":"Shading Mode"},"sceneLighting":false,"audioPlay":false,"sceneViewState":{"m_AlwaysRefresh":false,"showFog":true,"showSkybox":false,"showFlares":true,"showImageEffects":true,"showParticleSystems":true,"showVisualEffectGraphs":true,"m_FxEnabled":true},"in2DMode":false,"pivot":{"x":-13.693016052246094,"y":1.3134891986846924,"z":-1.6452101469039918},"rotation":{"x":-0.014116681180894375,"y":-0.9851886034011841,"z":0.1386411041021347,"w":-0.10023092478513718},"size":0.8411785960197449,"orthographic":false}